country,year,total_DDD,watch_proportion,ses_risk_score,antibiotic_pressure_index
India,2022,19.7,0.4218,0.45531103632456715,8.30946
India,2023,19.77,0.4109,0.4462213556312331,8.123493
India,2024,19.6,0.4347,0.442751777983406,8.52012
India,2025,20.81,0.4321,0.43782368964660523,8.992000999999998
India,2026,20.89,0.4473,0.4293537312629486,9.344097
India,2027,21.98,0.4388,0.4339046911227333,9.644824
India,2028,21.78,0.4414,0.42778750000000004,9.613692
India,2029,22.08,0.4503,0.4515883513346234,9.942623999999999
India,2030,22.55,0.4609,0.4349133925022285,10.393295
